Match_ID,Date,Team,Opponent,Player_Name,Position,Minutes_Played,Goals ,Assists,Shots_on_Target,Pass_Accuracy,Tackles,Saves,Possession_pct,Outcome
1,4/24/2025,Portugal,germany,Christiano Ronaldo,Attacker,99,999,500,500,99.9,36,18,53.3,Loss
1,9/23/2024,Argentina,Germany,N'Golo Kanté,Defender,90,360,317,148,74.3,19,73,44.4,Loss
2,3/7/2025,Germany,Netherlands,Paulo Dybala,Forward,49,323,578,67,74.5,19,46,43.5,Loss
2,9/20/2024,France,Italy,Kevin De Bruyne,Forward,72,316,382,162,74.3,46,32,42.4,Loss
3,9/10/2024,Belgium,Argentina,Leo messi,Midfielder,96,965,319,135,99.9,59,74,58.9,Draw
4,10/21/2024,Brazil,France,Mohamed Salah,Midfielder,73,200,464,50,66.2,34,95,41.4,Loss
4,10/21/2024,Argentina,Spain,Joshua Kimmich,Midfielder,76,144,419,90,74.9,35,39,57,Loss
4,7/18/2024,Portugal,Germany,Andrea Pirlo,Defender,87,51,485,167,65.9,43,42,63.2,Loss
4,4/6/2025,Spain,Brazil,Francesco Totti,Midfielder,90,121,481,143,70.8,36,81,20,Loss
5,8/3/2024,Portugal,Germany,Sergio Agüero,Midfielder,86,587,520,81,85.2,14,81,50.2,Loss
5,4/18/2025,Italy,England,Giorgio Chiellini,Forward,53,396,184,90,68,15,10,41.6,Win
6,7/6/2024,Brazil,Spain,Neymar Jr,Midfielder,63,414,180,84,56.8,41,36,54.1,Loss
6,7/11/2024,France,Germany,Son Heung-min,Midfielder,66,485,536,179,81.2,51,96,37.1,Loss
7,4/22/2025,England,Argentina,Antoine Griezmann,Midfielder,50,434,468,164,81.8,12,32,46.9,Loss
7,5/10/2025,Spain,Germany,Kevin De Bruyne,Defender,90,68,578,184,84,31,10,44.1,Loss
8,3/1/2025,France,Argentina,Raheem Sterling,Midfielder,88,302,88,110,65.6,23,83,50.8,Loss
8,4/24/2025,Belgium,France,N'Golo Kanté,Midfielder,82,207,282,162,76.7,14,87,66.4,Loss
9,6/29/2024,France,Brazil,Diego Maradona,Midfielder,90,216,429,140,88.4,19,61,39.6,Loss
10,7/4/2024,France,Portugal,Bernardo Silva,Defender,74,524,154,184,84.8,44,17,52.1,Loss
10,12/20/2024,Netherlands,Argentina,Isco,Forward,45,293,598,131,81.3,41,70,40.2,Loss
10,3/15/2025,Belgium,Spain,Phil Foden,Midfielder,52,291,160,113,79.2,16,19,46.8,Loss
11,3/26/2025,Portugal,England,Thiago Alcântara,Goalkeeper,90,588,211,184,70.3,59,94,61.7,Loss
12,8/10/2024,Belgium,Netherlands,Raphaël Varane,Defender,67,438,566,176,83.9,23,95,52.6,Draw
12,7/27/2024,Argentina,France,N'Golo Kanté,Midfielder,45,302,272,108,78.5,10,64,36.3,Loss
13,7/3/2024,Portugal,Netherlands,Kevin De Bruyne,Goalkeeper,80,243,220,71,82.1,59,39,44.2,Loss
13,2/26/2025,Spain,Italy,Manuel Neuer,Defender,71,401,173,111,74.2,19,15,63.1,Loss
13,7/29/2024,Belgium,Spain,Neymar Jr,Defender,55,123,529,53,83.4,55,46,50.2,Loss
13,7/28/2024,Spain,Netherlands,Erling Haaland,Midfielder,78,57,130,194,71.8,55,43,69.9,Loss
14,10/13/2024,Belgium,Argentina,Romelu Lukaku,Goalkeeper,90,252,176,56,81.2,47,37,65.2,Loss
15,4/17/2025,Spain,Italy,Kevin De Bruyne,Forward,55,342,245,154,75.6,42,50,59.3,Loss
16,12/9/2024,Argentina,Italy,Neymar Jr,Goalkeeper,5,341,584,196,69.8,22,14,67.3,Loss
16,6/1/2024,Italy,England,Karim Benzema,Forward,41,67,510,189,70.4,14,88,50.7,Draw
16,12/3/2024,Spain,France,Zlatan Ibrahimović,Forward,32,206,113,116,82.2,53,19,44.2,Loss
16,3/18/2025,Germany,Argentina,Francesco Totti,Midfielder,74,227,320,130,80.9,46,62,41.7,Loss
17,7/6/2024,Belgium,Argentina,Thomas Müller,Defender,84,525,431,91,82.9,22,65,59.9,Draw
18,3/9/2025,Argentina,England,Didier Drogba,Defender,86,373,573,182,76.1,15,51,60.2,Loss
18,1/3/2025,France,Italy,Joshua Kimmich,Defender,64,160,563,86,73.1,21,76,64.5,Loss
18,9/11/2024,Spain,Netherlands,Andrés Iniesta,Defender,46,367,507,152,72.4,44,19,49.9,Loss
19,1/11/2025,Belgium,Netherlands,Alisson Becker,Forward,78,526,364,136,67.5,40,92,56.7,Loss
20,7/3/2024,England,Brazil,Cristiano Ronaldo,Midfielder,87,93,211,116,72.3,25,73,47.4,Loss
20,3/29/2025,France,Brazil,Sergio Busquets,Defender,69,201,161,57,75.7,10,84,58.3,Loss
21,7/1/2024,France,Germany,Paulo Dybala,Defender,61,422,124,92,81.8,43,97,50.7,Draw
21,7/7/2024,Belgium,France,Jadon Sancho,Defender,87,111,453,123,79.5,41,14,24.5,Loss
21,9/18/2024,Belgium,Argentina,Francesco Totti,Goalkeeper,59,290,516,94,62.7,44,57,54.3,Loss
22,3/20/2025,Italy,Netherlands,Robert Lewandowski,Defender,90,435,586,88,74.2,20,72,48.7,Draw
22,12/26/2024,France,Germany,Luis Suárez,Defender,68,375,92,93,75.5,55,98,30.8,Loss
22,11/29/2024,Portugal,Netherlands,Raheem Sterling,Defender,42,243,54,107,82.3,50,15,52.9,Loss
22,6/28/2024,Germany,Brazil,Lionel Messi,Defender,90,347,155,121,86.2,50,100,52,Loss
23,7/26/2024,France,Spain,Paul Pogba,Midfielder,82,356,585,154,88.9,55,23,62.7,Loss
23,8/11/2024,Portugal,Argentina,Jadon Sancho,Midfielder,34,312,172,84,74.1,40,56,66,Loss
,,,,,,,952,,,,,,,
